# FT-710 Table 2 corrections settled by hardware observation (M8c, 24/07/2026).
#
# READ-DIRECTION EVIDENCE ONLY. This file records places where the MANUAL's
# printed chart is demonstrably wrong, as shown by what one radio ANSWERED
# to an EX READ. It is not a Set allowlist, it confers no write capability,
# and it says nothing about EX Set frames, which the M8c session did not
# probe (Set policy is M8e's to define and M8f's to verify).
#
# It exists because table2-observed.csv can only express per-address width
# and shape: a wrong ENUM CODE in the manual's P4 column has no home there,
# and would otherwise survive only as prose — where a later milestone could
# consume the known-bad chart text without ever seeing the correction.
#
# table2.csv itself is never edited from hardware: it is a transcription of
# the manual, typos included, and its provenance depends on staying that way.
#
# Scope: two successive full passive EX sweeps of one UK FT-710, CAT ID
#   0800, firmware V01-12, in one configuration, 24 July 2026,
#   controller-driven, read-only. Session record: docs/hardware-notes.md.
#
# PRIVACY: the operator consented (25/07/2026) to publishing the two
#   numeric values quoted below, both protocol-relevant and personally
#   innocuous. No other captured value appears in any committed file, and
#   no text-item value (MY CALL, PRESET NAME) ever will.
#
# Columns: p1,p2,p3,kind,manual_text,hardware_evidence
#   kind: enum_code | field_width
01,03,21,field_width,"Digits column prints 2","answered a 3-byte P4: EX010321012;"
01,05,16,enum_code,"1: 170 Hz 1: 200 Hz 2: 425 Hz 3: 850 Hz","answered 0; a 0 code therefore exists and the printed duplicate 1: is wrong. WHICH label maps to 0 is NOT established: no front-panel check of this item was made"
